{
 "version": "0.2.0",
 "configurations": [
  {
   "name": "Python",
   "type": "python",
   "request": "launch",
   "stopOnEntry": true,
   "program": "${file}",
   "debugOptions": [
    "WaitOnAbnormalExit",
    "WaitOnNormalExit",
    "RedirectOutput"
   ]
  },
  {
   "name": "Python Console App",
   "type": "python",
   "request": "launch",
   "stopOnEntry": true,
   "program": "${file}",
   "externalConsole": false,
   "pythonPath": "d:/envs/eedn/Scripts/python.exe",
   "debugOptions": [
    "WaitOnAbnormalExit",
    "WaitOnNormalExit",
    "RedirectOutput"
   ]
  },
  {
   "name": "Django",
   "type": "python",
   "request": "launch",
   "stopOnEntry": true,
   "program": "${workspaceRoot}/manage.py",
   "args": [
    "runserver",
    "--noreload"
   ],
   "debugOptions": [
    "WaitOnAbnormalExit",
    "WaitOnNormalExit",
    "RedirectOutput",
    "DjangoDebugging"
   ]
  }
 ]
}
